-- ============================================================
-- 團購系統範例資料 Sample Values
-- 版本：fixed_dates_0831
-- 說明：
--   1. 每張表至少 10 筆資料。
--   2. 日期改成固定日期；商品與團購結束日統一設定到 2026-08-31，避免近期過期。
--   3. 配合目前資料表使用的數字狀態代碼。
--
-- 狀態代碼：
--   member.role:        1=member, 2=organizer, 3=admin
--   member.status:      1=active, 2=inactive, 3=banned
--   supplier.status:    1=active, 2=inactive
--   product.status:     1=active, 2=inactive, 3=discontinued
--   groupbuy.status:    1=active, 2=end
--   order_status:       1=pending_payment, 2=paid, 3=cancelled, 4=completed, 5=refunded
--   payment_method:     1=bank_transfer, 2=credit_card, 3=line_pay, 4=cash
--   payment_status:     1=pending, 2=success, 3=failed, 4=refunded
--   fulfillment_type:   1=delivery, 2=pickup
--   fulfillment_status: 1=pending, 2=preparing, 3=shipped, 4=picked_up, 5=completed
-- ============================================================

USE group_buying_system;

SET FOREIGN_KEY_CHECKS = 0;

DELETE FROM fulfillment;
DELETE FROM payment;
DELETE FROM purchaseorder;
DELETE FROM groupbuy;
DELETE FROM product;
DELETE FROM supplier;
DELETE FROM member;

SET FOREIGN_KEY_CHECKS = 1;

ALTER TABLE member AUTO_INCREMENT = 1;
ALTER TABLE supplier AUTO_INCREMENT = 1;
ALTER TABLE product AUTO_INCREMENT = 1;
ALTER TABLE groupbuy AUTO_INCREMENT = 1;
ALTER TABLE purchaseorder AUTO_INCREMENT = 1;
ALTER TABLE payment AUTO_INCREMENT = 1;
ALTER TABLE fulfillment AUTO_INCREMENT = 1;

-- ============================================================
-- 固定日期說明：
--   created_time / order_time / paid_time / fulfilled_time 使用 2026 年 3 月到 6 月。
--   product.end_time 與 groupbuy.end_time 統一使用 2026-08-31 23:59:59。
-- ============================================================

-- ============================================================
-- 1. member 會員資料
-- 補充：
--   member_id=1、4、8 是已經開過團的 organizer。
--   member_id=12 是一般 member，可用來測試「開團後變 organizer」。
--   member_id=7 是 inactive，方便測試刪除 View。
-- ============================================================
INSERT INTO member
(member_id, email, phone, name, role, status, created_time, updated_time)
VALUES
(1,  'ming@example.com',      '0912000001', '小明',   '2', '1', '2026-03-23 12:00:00', NULL),
(2,  'alice@example.com',     '0912000002', '艾莉絲', '1', '1', '2026-03-24 12:00:00', NULL),
(3,  'bob@example.com',       '0912000003', '阿偉',   '1', '1', '2026-03-25 12:00:00', NULL),
(4,  'cindy@example.com',     '0912000004', '小美',   '2', '1', '2026-03-26 12:00:00', NULL),
(5,  'david@example.com',     '0912000005', '大衛',   '1', '1', '2026-03-27 12:00:00', NULL),
(6,  'eva@example.com',       '0912000006', '怡君',   '1', '1', '2026-03-28 12:00:00', NULL),
(7,  'frank@example.com',     '0912000007', '志豪',   '1', '2', '2026-03-29 12:00:00', NULL),
(8,  'grace@example.com',     '0912000008', '雅婷',   '2', '1', '2026-03-30 12:00:00', NULL),
(9,  'henry@example.com',     '0912000009', '建宏',   '1', '1', '2026-03-31 12:00:00', NULL),
(10, 'admin@example.com',     '0912000010', '管理員', '3', '1', '2026-04-01 12:00:00', NULL),
(11, 'iris@example.com',      '0912000011', '佳穎',   '1', '1', '2026-04-02 12:00:00', NULL),
(12, 'starter@example.com',   '0912000012', '開團測試', '1', '1', '2026-04-03 12:00:00', NULL);

-- ============================================================
-- 2. supplier 供應商資料
-- 補充：
--   supplier_id=11 是 inactive 且沒有商品參照，可用來測試刪除 View。
-- ============================================================
INSERT INTO supplier
(supplier_id, supplier_name, contact_name, phone, email, address, status, created_time)
VALUES
(1,  '玉井農產合作社', '陳先生', '0922000001', 'service@yujingfruit.tw',  '台南市玉井區中正路100號',  '1', '2026-03-13 12:00:00'),
(2,  '潔能家電公司',   '林小姐', '0922000002', 'sales@cleanhome.tw',       '台北市內湖區瑞光路88號',   '1', '2026-03-14 12:00:00'),
(3,  '海味鮮食品行',   '吳先生', '0922000003', 'order@seafoodfresh.tw',    '高雄市前鎮區漁港路20號',   '1', '2026-03-15 12:00:00'),
(4,  '花東米行',       '黃小姐', '0922000004', 'rice@huadong.tw',          '花蓮縣吉安鄉稻香路15號',   '1', '2026-03-16 12:00:00'),
(5,  '豆香咖啡館',     '張先生', '0922000005', 'bean@coffeehouse.tw',      '台中市西區公益路66號',     '1', '2026-03-17 12:00:00'),
(6,  '樂活用品社',     '鄭小姐', '0922000006', 'life@lohas.tw',            '新北市板橋區民生路99號',   '1', '2026-03-18 12:00:00'),
(7,  '聲動科技',       '周先生', '0922000007', 'support@soundair.tw',      '新竹市東區光復路200號',    '1', '2026-03-19 12:00:00'),
(8,  '堅果日記食品',   '許小姐', '0922000008', 'nut@dailyfood.tw',         '台中市北屯區松竹路58號',   '1', '2026-03-20 12:00:00'),
(9,  '好油工坊',       '曾先生', '0922000009', 'oil@goodoil.tw',           '雲林縣斗六市成功路30號',   '1', '2026-03-21 12:00:00'),
(10, '光點生活科技',   '羅小姐', '0922000010', 'light@lightx.tw',          '桃園市中壢區中正路168號',  '1', '2026-03-22 12:00:00'),
(11, '停用測試供應商', '王先生', '0922000011', 'inactive_supplier@test.tw', '雲林縣斗六市測試路1號',    '2', '2026-03-23 12:00:00');

-- ============================================================
-- 3. product 商品資料
-- min_quantity、max_quantity 放在 product，代表供應商設定的團購條件。
-- 補充：
--   product_id=11 是 inactive，且沒有被 groupbuy 使用，可用來測試刪除 View。
-- ============================================================
INSERT INTO product
(product_id, supplier_id, product_name, brand, description,
 original_price, group_price, stock_quantity, status, created_time, end_time,
 max_quantity, min_quantity)
VALUES
(1,  1,  '台南愛文芒果禮盒', '玉井農會',   '產地直送愛文芒果，適合家庭團購。',   600,   450,   120, '1', '2026-04-22 12:00:00', '2026-08-31 23:59:59', 100, 20),
(2,  2,  '無線吸塵器',       'CleanPro',   '輕量無線吸塵器，適合家庭清潔使用。', 18900, 15900, 50,  '1', '2026-04-23 12:00:00', '2026-08-31 23:59:59', 40,  10),
(3,  3,  '冷凍白蝦',         '海味鮮',     '急速冷凍白蝦，每盒約一公斤。',       1200,  990,   80,  '1', '2026-04-24 12:00:00', '2026-08-31 23:59:59', 70,  15),
(4,  4,  '有機白米',         '花東米行',   '花東產地有機白米，家庭常備主食。',   850,   699,   200, '1', '2026-04-25 12:00:00', '2026-08-31 23:59:59', 180, 30),
(5,  5,  '手沖咖啡組',       'BeanHouse',  '內含濾杯、分享壺與入門咖啡豆。',     2200,  1780,  60,  '1', '2026-04-26 12:00:00', '2026-08-31 23:59:59', 50,  12),
(6,  6,  '不鏽鋼保溫瓶',     'ThermoLife', '大容量保溫瓶，適合上課與通勤。',     980,   790,   100, '1', '2026-04-27 12:00:00', '2026-08-31 23:59:59', 90,  20),
(7,  7,  '藍牙耳機',         'SoundAir',   '低延遲藍牙耳機，支援降噪模式。',     2490,  1990,  70,  '1', '2026-04-28 12:00:00', '2026-08-31 23:59:59', 60,  10),
(8,  8,  '綜合堅果包',       'NutriDaily', '每日堅果獨立包裝，方便攜帶。',       780,   590,   150, '1', '2026-04-29 12:00:00', '2026-08-31 23:59:59', 120, 25),
(9,  9,  '冷壓初榨橄欖油',   '好油工坊',   '適合沙拉與低溫料理使用。',           1380,  1180,  90,  '1', '2026-04-30 12:00:00', '2026-08-31 23:59:59', 80,  10),
(10, 10, '智慧護眼檯燈',     'LightX',     '支援亮度調整與定時提醒。',           1680,  1390,  75,  '1', '2026-05-01 12:00:00', '2026-08-31 23:59:59', 70,  10),
(11, 1,  '停用商品測試',     'TestBrand',  '這筆資料供管理員刪除 View 測試。',   999,   799,   20,  '2', '2026-05-02 12:00:00', '2026-08-31 23:59:59', 15,  5);

-- ============================================================
-- 4. groupbuy 團購活動資料
-- 補充：
--   每個 groupbuy 只對應一個 product。
--   limit_per_member 保留在 groupbuy，代表團主設定的每人限購數。
--   start_time 都設為過去，end_time 都設為未來，避免進行中團購 View 查不到資料。
-- ============================================================
INSERT INTO groupbuy
(group_buy_id, member_id, product_id, title, description,
 original_price_snapshot, group_price_snapshot, limit_per_member,
 start_time, end_time, status, created_time)
VALUES
(1,  1, 1,  '愛文芒果夏季團',   '台南玉井芒果產地直送，滿20盒成團。',     600,   450,   5, '2026-05-22 12:00:00', '2026-08-31 23:59:59', '1', '2026-05-22 12:00:00'),
(2,  1, 2,  '無線吸塵器家電團', '原價18900，團購價15900，滿10台成團。',  18900, 15900, 2, '2026-05-23 12:00:00', '2026-08-31 23:59:59', '1', '2026-05-23 12:00:00'),
(3,  4, 3,  '冷凍白蝦海鮮團',   '家庭聚餐常備冷凍白蝦，滿15盒成團。',     1200,  990,   4, '2026-05-24 12:00:00', '2026-08-31 23:59:59', '1', '2026-05-24 12:00:00'),
(4,  4, 4,  '有機白米家庭團',   '花東有機白米團購，滿30包成團。',         850,   699,   6, '2026-05-25 12:00:00', '2026-08-31 23:59:59', '1', '2026-05-25 12:00:00'),
(5,  8, 5,  '手沖咖啡入門團',   '咖啡新手入門組合，滿12組成團。',         2200,  1780,  2, '2026-05-26 12:00:00', '2026-08-31 23:59:59', '1', '2026-05-26 12:00:00'),
(6,  8, 6,  '保溫瓶開學團',     '上課通勤適用保溫瓶，滿20支成團。',       980,   790,   3, '2026-05-27 12:00:00', '2026-08-31 23:59:59', '1', '2026-05-27 12:00:00'),
(7,  1, 7,  '藍牙耳機優惠團',   '降噪藍牙耳機優惠團，滿10副成團。',       2490,  1990,  2, '2026-05-28 12:00:00', '2026-08-31 23:59:59', '1', '2026-05-28 12:00:00'),
(8,  4, 8,  '每日堅果健康團',   '綜合堅果獨立包裝，滿25包成團。',         780,   590,   8, '2026-05-29 12:00:00', '2026-08-31 23:59:59', '1', '2026-05-29 12:00:00'),
(9,  8, 9,  '冷壓橄欖油料理團', '冷壓初榨橄欖油，滿10瓶成團。',           1380,  1180,  3, '2026-05-30 12:00:00', '2026-08-31 23:59:59', '1', '2026-05-30 12:00:00'),
(10, 1, 10, '智慧護眼檯燈團',   '學生與上班族適用護眼檯燈。',             1680,  1390,  2, '2026-05-31 12:00:00', '2026-08-31 23:59:59', '1', '2026-05-31 12:00:00');

-- ============================================================
-- 5. purchaseorder 訂單資料
-- total_amount 是 generated column，所以不用 INSERT。
-- ============================================================
INSERT INTO purchaseorder
(order_id, member_id, group_buy_id, order_time, order_status,
 quantity, unit_price_snapshot, pickup_location, created_time)
VALUES
(1,  2, 1,  '2026-06-01 12:00:00', '2', 2, 450,   '校門口取貨點', '2026-06-01 12:00:00'),
(2,  3, 1,  '2026-06-02 12:00:00', '2', 4, 450,   '校門口取貨點', '2026-06-02 12:00:00'),
(3,  5, 2,  '2026-06-03 12:00:00', '1', 1, 15900, '管理室',       '2026-06-03 12:00:00'),
(4,  6, 3,  '2026-06-04 12:00:00', '4', 3, 990,   '宿舍大廳',     '2026-06-04 12:00:00'),
(5,  9, 4,  '2026-06-05 12:00:00', '2', 5, 699,   '系辦公室',     '2026-06-05 12:00:00'),
(6,  2, 5,  '2026-06-06 12:00:00', '3', 1, 1780,  '咖啡社社辦',   '2026-06-06 12:00:00'),
(7,  3, 6,  '2026-06-07 12:00:00', '2', 2, 790,   '校門口取貨點', '2026-06-07 12:00:00'),
(8,  5, 7,  '2026-06-08 12:00:00', '5', 1, 1990,  '管理室',       '2026-06-08 12:00:00'),
(9,  6, 8,  '2026-06-09 12:00:00', '2', 6, 590,   '宿舍大廳',     '2026-06-09 12:00:00'),
(10, 9, 10, '2026-06-10 12:00:00', '1', 2, 1390,  '系辦公室',     '2026-06-10 12:00:00');

-- ============================================================
-- 6. payment 付款資料
-- 成功付款 payment_status = 2 時，paid_time 不可為空。
-- ============================================================
INSERT INTO payment
(payment_id, order_id, payment_method, payment_amount, payment_status, paid_time, created_time)
VALUES
(1,  1,  '3', 900,   '2', '2026-06-01 12:00:00', '2026-06-01 12:00:00'),
(2,  2,  '2', 1800,  '2', '2026-06-02 12:00:00', '2026-06-02 12:00:00'),
(3,  3,  '1', 15900, '1', NULL,'2026-06-03 12:00:00'),
(4,  4,  '2', 2970,  '2', '2026-06-04 12:00:00', '2026-06-04 12:00:00'),
(5,  5,  '1', 3495,  '2', '2026-06-05 12:00:00', '2026-06-05 12:00:00'),
(6,  6,  '3', 1780,  '3', NULL,'2026-06-06 12:00:00'),
(7,  7,  '4', 1580,  '2', '2026-06-07 12:00:00', '2026-06-07 12:00:00'),
(8,  8,  '2', 1990,  '4', '2026-06-08 12:00:00', '2026-06-08 12:00:00'),
(9,  9,  '3', 3540,  '2', '2026-06-09 12:00:00', '2026-06-09 12:00:00'),
(10, 10, '1', 2780,  '1', NULL,'2026-06-10 12:00:00');

-- ============================================================
-- 7. fulfillment 履約資料
-- fulfillment_type = 1 宅配時，address 不可為空。
-- fulfillment_status = 5 完成時，fulfilled_time 不可為空。
-- ============================================================
INSERT INTO fulfillment
(fulfillment_id, order_id, fulfillment_type, recipient_name, recipient_phone,
 address, tracking_no, fulfillment_status, fulfilled_time, created_time)
VALUES
(1,  1,  '1', '艾莉絲', '0912000002', '雲林縣斗六市大學路三段123號', 'TWGB000001', '3', NULL,'2026-06-02 12:00:00'),
(2,  2,  '2', '阿偉',   '0912000003', NULL,                           NULL,         '5', '2026-06-03 12:00:00','2026-06-03 12:00:00'),
(3,  3,  '1', '大衛',   '0912000005', '台中市西屯區文華路100號',       'TWGB000003', '1', NULL,'2026-06-04 12:00:00'),
(4,  4,  '1', '怡君',   '0912000006', '高雄市三民區建工路200號',       'TWGB000004', '5', '2026-06-05 12:00:00','2026-06-05 12:00:00'),
(5,  5,  '2', '建宏',   '0912000009', NULL,                           NULL,         '2', NULL,'2026-06-06 12:00:00'),
(6,  6,  '2', '艾莉絲', '0912000002', NULL,                           NULL,         '1', NULL,'2026-06-07 12:00:00'),
(7,  7,  '1', '阿偉',   '0912000003', '新北市板橋區文化路一段88號',    'TWGB000007', '2', NULL,'2026-06-08 12:00:00'),
(8,  8,  '2', '大衛',   '0912000005', NULL,                           NULL,         '5', '2026-06-09 12:00:00','2026-06-09 12:00:00'),
(9,  9,  '1', '怡君',   '0912000006', '台南市東區大學路50號',          'TWGB000009', '3', NULL,'2026-06-10 12:00:00'),
(10, 10, '2', '建宏',   '0912000009', NULL,                           NULL,         '1', NULL,'2026-06-11 12:00:00');

COMMIT;

-- ============================================================
-- 快速檢查用查詢
-- ============================================================
SELECT 'member' AS table_name, COUNT(*) AS row_count FROM member
UNION ALL
SELECT 'supplier', COUNT(*) FROM supplier
UNION ALL
SELECT 'product', COUNT(*) FROM product
UNION ALL
SELECT 'groupbuy', COUNT(*) FROM groupbuy
UNION ALL
SELECT 'purchaseorder', COUNT(*) FROM purchaseorder
UNION ALL
SELECT 'payment', COUNT(*) FROM payment
UNION ALL
SELECT 'fulfillment', COUNT(*) FROM fulfillment;
